"admin","body","patient","Creation Date","Modified Date","Slug","Creator"
"kamil.niegowski+ref3@devs.personit.net","Pierwsza notatka","bartoszlasakk@gmail.com","Feb 5, 2025 5:18 pm","Feb 5, 2025 5:18 pm","","kamil.niegowski+ref3@devs.personit.net"
"kamil.niegowski+ref3@devs.personit.net","Druga notatka","bartoszlasakk@gmail.com","Feb 5, 2025 5:18 pm","Feb 5, 2025 5:18 pm","","kamil.niegowski+ref3@devs.personit.net"
"kamil.niegowski+ref3@devs.personit.net","Trzecia notatka","bartoszlasakk@gmail.com","Feb 5, 2025 5:18 pm","Feb 5, 2025 5:18 pm","","kamil.niegowski+ref3@devs.personit.net"
"kamil.niegowski+ref3@devs.personit.net","Notatka","kamil.niegowski+referral14@devs.personit.net","Feb 5, 2025 5:19 pm","Feb 5, 2025 5:19 pm","","kamil.niegowski+ref3@devs.personit.net"
"kamil.niegowski+ref3@devs.personit.net","notatka","kamil.niegowski+ref3@devs.personit.net","Feb 5, 2025 5:35 pm","Feb 5, 2025 5:35 pm","","kamil.niegowski+ref3@devs.personit.net"
"kamil.niegowski@devs.personit.net","$","bartoszlasakk@gmail.com","Feb 9, 2025 3:39 pm","Feb 9, 2025 3:39 pm","","kamil.niegowski@devs.personit.net"
"kamil.niegowski@devs.personit.net","Notatka 11.09","bartoszlasakk@gmail.com","Feb 11, 2025 3:10 pm","Feb 11, 2025 3:10 pm","","kamil.niegowski@devs.personit.net"
"kamil.niegowski@devs.personit.net","Notatki","wfv82922@bcooq.com","Feb 11, 2025 6:22 pm","Feb 11, 2025 6:22 pm","","kamil.niegowski@devs.personit.net"
"kamil.niegowski@devs.personit.net","Testowa notatka :)","potepiy660@perceint.com","Feb 11, 2025 8:06 pm","Feb 11, 2025 8:06 pm","","kamil.niegowski@devs.personit.net"
